{
  "cache.age": "4h",
  "catalogs": [
    "https://raw.githubusercontent.com/securestate/king-phisher-plugins/master/catalog.json"
  ],
  "dashboard.bottom": "VisitsTimeline",
  "dashboard.top_left": "Overview",
  "dashboard.top_right": "VisitorInfo",
  "filter.campaign.expired": false,
  "filter.campaign.other_users": false,
  "filter.campaign.user": true,
  "gui.show_deaddrop": false,
  "mailer.attachment_file": "",
  "mailer.attachment_file.post_processing": null,
  "mailer.calendar_invite_all_day": false,
  "mailer.calendar_invite_date": {
    "__complex_type__": "datetime.date",
    "value": "2015-10-19"
  },
  "mailer.calendar_invite_duration": 60.0,
  "mailer.calendar_invite_location": "",
  "mailer.calendar_invite_start_hour": 12.0,
  "mailer.calendar_invite_start_minute": 0.0,
  "mailer.calendar_invite_summary": "",
  "mailer.calendar_request_rsvp": false,
  "mailer.company_name": "",
  "mailer.html_file": "",
  "mailer.importance": "Normal",
  "mailer.max_messages_per_connection": 5,
  "mailer.message_type": "email",
  "mailer.message_uid.charset": {
    "digits": true,
    "lower": true,
    "upper": true
  },
  "mailer.recipient_email_cc": "",
  "mailer.recipient_email_to": "",
  "mailer.reply_to_email": "",
  "mailer.sensitivity": "Normal",
  "mailer.source_email": "",
  "mailer.source_email_alias": "",
  "mailer.source_email_smtp": "",
  "mailer.subject": "",
  "mailer.target_email_address": "",
  "mailer.target_field": "to",
  "mailer.target_file": "",
  "mailer.target_name": "",
  "mailer.target_type": "file",
  "mailer.webserver_url": "",
  "plugins": {},
  "plugins.enabled": [],
  "plugins.installed": {},
  "plugins.pip.install_dependencies": true,
  "proxy.url": null,
  "rpc.serializer": null,
  "server": "localhost:22",
  "server.history": [],
  "server_remote_port": 80,
  "server_use_ssl": false,
  "server_username": "",
  "sftp_client": "filezilla --logontype=interactive sftp://{username}@{server}{web_root}",
  "smtp_max_send_rate": 45.0,
  "smtp_server": "localhost:25",
  "smtp_ssh_enable": false,
  "smtp_ssl_enable": false,
  "smtp_username": "",
  "spf_check_level": 1,
  "spf_check_timeout": 10,
  "ssh_preferred_key": null,
  "ssh_server": "localhost:22",
  "ssh_username": "",
  "text_font": "monospace 11",
  "text_source.theme": "cobalt"
}
