{
  "$schema": "http://json-schema.org/draft-04/schema#", 
  "additionalProperties": false, 
  "definitions": {}, 
  "id": "king-phisher.security.key", 
  "properties": {
    "id": {
      "id": "/properties/id", 
      "type": "string"
    }, 
    "signing-key": {
      "additionalProperties": false, 
      "id": "/properties/signing-key", 
      "properties": {
        "data": {
          "id": "/properties/signing-key/properties/data", 
          "type": "string"
        }, 
        "encoding": {
          "id": "/properties/signing-key/properties/encoding", 
          "type": "string"
        }, 
        "type": {
          "id": "/properties/signing-key/properties/type", 
          "type": "string"
        }
      }, 
      "required": [
        "data", 
        "type"
      ], 
      "type": "object"
    }, 
    "verifying-key": {
      "additionalProperties": false, 
      "id": "/properties/verifying-key", 
      "properties": {
        "data": {
          "id": "/properties/verifying-key/properties/data", 
          "type": "string"
        }, 
        "encoding": {
          "id": "/properties/verifying-key/properties/encoding", 
          "type": "string"
        }, 
        "type": {
          "id": "/properties/verifying-key/properties/type", 
          "type": "string"
        }
      }, 
      "required": [
        "data", 
        "type"
      ], 
      "type": "object"
    }
  }, 
  "required": [
    "id"
  ], 
  "type": "object"
}