{
  "$schema": "http://json-schema.org/draft-04/schema#",
  "additionalProperties": false,
  "definitions": {},
  "id": "king-phisher.catalog.collections",
  "properties": {
    "collections": {
      "additionalProperties": false,
      "id": "/properties/collections",
      "properties": {
        "plugins/client": {
          "id": "/properties/collections/properties/plugins/client",
          "items": {
            "id": "/properties/collections/properties/plugins/client/items",
            "properties": {
              "authors": {
                "id": "/properties/collections/properties/plugins/client/items/properties/authors",
                "items": {
                  "id": "/properties/collections/properties/plugins/client/items/properties/authors/items",
                  "type": "string"
                },
                "minItems": 1,
                "type": "array"
              },
              "classifiers": {
                "id": "/properties/collections/properties/plugins/client/items/properties/classifiers",
                "items": {
                  "id": "/properties/collections/properties/plugins/client/items/properties/classifiers/items",
                  "type": "string"
                },
                "minItems": 1,
                "type": "array"
              },
              "description": {
                "id": "/properties/collections/properties/plugins/client/items/properties/description",
                "type": "string"
              },
              "files": {
                "id": "/properties/collections/properties/plugins/client/items/properties/files",
                "items": {
                  "additionalProperties": false,
                  "id": "/properties/collections/properties/plugins/client/items/properties/files/items",
                  "properties": {
                    "path-destination": {
                      "id": "/properties/collections/properties/plugins/client/items/properties/files/items/properties/path-destination",
                      "type": "string"
                    },
                    "path-source": {
                      "id": "/properties/collections/properties/plugins/client/items/properties/files/items/properties/path-source",
                      "type": "string"
                    },
                    "signature": {
                      "id": "/properties/collections/properties/plugins/client/items/properties/files/items/properties/signature",
                      "type": "string"
                    },
                    "signed-by": {
                      "id": "/properties/collections/properties/plugins/client/items/properties/files/items/properties/signed-by",
                      "type": "string"
                    }
                  },
                  "required": [
                    "path-destination",
                    "path-source"
                  ],
                  "type": "object"
                },
                "minItems": 1,
                "type": "array"
              },
              "homepage": {
                "id": "/properties/collections/properties/plugins/client/items/properties/homepage",
                "type": "string"
              },
              "name": {
                "id": "/properties/collections/properties/plugins/client/items/properties/name",
                "type": "string"
              },
              "reference_urls": {
                "id": "/properties/collections/properties/plugins/client/items/properties/reference_urls",
                "items": {
                  "id": "/properties/collections/properties/plugins/client/items/properties/reference_urls/items",
                  "type": "string"
                },
                "minItems": 1,
                "type": "array"
              },
              "requirements": {
                "id": "/properties/collections/properties/plugins/client/items/properties/requirements",
                "properties": {
                  "minimum-python-version": {
                    "id": "/properties/collections/properties/plugins/client/items/properties/requirements/properties/minimum-python-version",
                    "type": "string"
                  },
                  "minimum-version": {
                    "id": "/properties/collections/properties/plugins/client/items/properties/requirements/properties/minimum-version",
                    "type": "string"
                  },
                  "packages": {
                    "id": "/properties/collections/properties/plugins/client/items/properties/requirements/properties/packages",
                    "items": {
                      "id": "/properties/collections/properties/plugins/client/items/properties/requirements/properties/packages/items",
                      "type": "string"
                    },
                    "minItems": 1,
                    "type": "array"
                  },
                  "platforms": {
                    "id": "/properties/collections/properties/plugins/client/items/properties/requirements/properties/platforms",
                    "items": {
                      "id": "/properties/collections/properties/plugins/client/items/properties/requirements/properties/platforms/items",
                      "type": "string"
                    },
                    "minItems": 1,
                    "type": "array"
                  }
                },
                "type": "object"
              },
              "title": {
                "id": "/properties/collections/properties/plugins/client/items/properties/title",
                "type": "string"
              },
              "version": {
                "id": "/properties/collections/properties/plugins/client/items/properties/version",
                "type": "string"
              }
            },
            "required": [
              "name",
              "authors",
              "version",
              "title",
              "description",
              "files"
            ],
            "type": "object"
          },
          "type": "array"
        },
        "plugins/server": {
          "id": "/properties/collections/properties/plugins/server",
          "items": {
            "id": "/properties/collections/properties/plugins/server/items",
            "properties": {
              "authors": {
                "id": "/properties/collections/properties/plugins/server/items/properties/authors",
                "items": {
                  "id": "/properties/collections/properties/plugins/server/items/properties/authors/items",
                  "type": "string"
                },
                "minItems": 1,
                "type": "array"
              },
              "classifiers": {
                "id": "/properties/collections/properties/plugins/server/items/properties/classifiers",
                "items": {
                  "id": "/properties/collections/properties/plugins/server/items/properties/classifiers/items",
                  "type": "string"
                },
                "minItems": 1,
                "type": "array"
              },
              "description": {
                "id": "/properties/collections/properties/plugins/server/items/properties/description",
                "type": "string"
              },
              "files": {
                "id": "/properties/collections/properties/plugins/server/items/properties/files",
                "items": {
                  "additionalProperties": false,
                  "id": "/properties/collections/properties/plugins/server/items/properties/files/items",
                  "properties": {
                    "path-destination": {
                      "id": "/properties/collections/properties/plugins/server/items/properties/files/items/properties/path-destination",
                      "type": "string"
                    },
                    "path-source": {
                      "id": "/properties/collections/properties/plugins/server/items/properties/files/items/properties/path-source",
                      "type": "string"
                    },
                    "signature": {
                      "id": "/properties/collections/properties/plugins/server/items/properties/files/items/properties/signature",
                      "type": "string"
                    },
                    "signed-by": {
                      "id": "/properties/collections/properties/plugins/server/items/properties/files/items/properties/signed-by",
                      "type": "string"
                    }
                  },
                  "required": [
                    "path-destination",
                    "path-source"
                  ],
                  "type": "object"
                },
                "minItems": 1,
                "type": "array"
              },
              "homepage": {
                "id": "/properties/collections/properties/plugins/server/items/properties/homepage",
                "type": "string"
              },
              "name": {
                "id": "/properties/collections/properties/plugins/server/items/properties/name",
                "type": "string"
              },
              "reference_urls": {
                "id": "/properties/collections/properties/plugins/server/items/properties/reference_urls",
                "items": {
                  "id": "/properties/collections/properties/plugins/server/items/properties/reference_urls/items",
                  "type": "string"
                },
                "minItems": 1,
                "type": "array"
              },
              "requirements": {
                "id": "/properties/collections/properties/plugins/server/items/properties/requirements",
                "properties": {
                  "minimum-python-version": {
                    "id": "/properties/collections/properties/plugins/server/items/properties/requirements/properties/minimum-python-version",
                    "type": "string"
                  },
                  "minimum-version": {
                    "id": "/properties/collections/properties/plugins/server/items/properties/requirements/properties/minimum-version",
                    "type": "string"
                  },
                  "packages": {
                    "id": "/properties/collections/properties/plugins/server/items/properties/requirements/properties/packages",
                    "items": {
                      "id": "/properties/collections/properties/plugins/server/items/properties/requirements/properties/packages/items",
                      "type": "string"
                    },
                    "minItems": 1,
                    "type": "array"
                  },
                  "platforms": {
                    "id": "/properties/collections/properties/plugins/server/items/properties/requirements/properties/platforms",
                    "items": {
                      "id": "/properties/collections/properties/plugins/server/items/properties/requirements/properties/platforms/items",
                      "type": "string"
                    },
                    "minItems": 1,
                    "type": "array"
                  }
                },
                "type": "object"
              },
              "title": {
                "id": "/properties/collections/properties/plugins/server/items/properties/title",
                "type": "string"
              },
              "version": {
                "id": "/properties/collections/properties/plugins/server/items/properties/version",
                "type": "string"
              }
            },
            "required": [
              "name",
              "authors",
              "version",
              "title",
              "description",
              "files"
            ],
            "type": "object"
          },
          "type": "array"
        },
        "templates/message": {
          "id": "/properties/collections/properties/templates/message",
          "items": {
            "id": "/properties/collections/properties/templates/message/items",
            "properties": {
              "authors": {
                "id": "/properties/collections/properties/templates/message/items/properties/authors",
                "items": {
                  "id": "/properties/collections/properties/templates/message/items/properties/authors/items",
                  "type": "string"
                },
                "minItems": 1,
                "type": "array"
              },
              "classifiers": {
                "id": "/properties/collections/properties/templates/message/items/properties/classifiers",
                "items": {
                  "id": "/properties/collections/properties/templates/message/items/properties/classifiers/items",
                  "type": "string"
                },
                "minItems": 1,
                "type": "array"
              },
              "description": {
                "id": "/properties/collections/properties/templates/message/items/properties/description",
                "type": "string"
              },
              "files": {
                "id": "/properties/collections/properties/templates/message/items/properties/files",
                "items": {
                  "additionalProperties": false,
                  "id": "/properties/collections/properties/templates/message/items/properties/files/items",
                  "properties": {
                    "path-destination": {
                      "id": "/properties/collections/properties/templates/message/items/properties/files/items/properties/path-destination",
                      "type": "string"
                    },
                    "path-source": {
                      "id": "/properties/collections/properties/templates/message/items/properties/files/items/properties/path-source",
                      "type": "string"
                    },
                    "signature": {
                      "id": "/properties/collections/properties/templates/message/items/properties/files/items/properties/signature",
                      "type": "string"
                    },
                    "signed-by": {
                      "id": "/properties/collections/properties/templates/message/items/properties/files/items/properties/signed-by",
                      "type": "string"
                    }
                  },
                  "required": [
                    "path-destination",
                    "path-source"
                  ],
                  "type": "object"
                },
                "minItems": 1,
                "type": "array"
              },
              "homepage": {
                "id": "/properties/collections/properties/templates/message/items/properties/homepage",
                "type": "string"
              },
              "name": {
                "id": "/properties/collections/properties/templates/message/items/properties/name",
                "type": "string"
              },
              "reference_urls": {
                "id": "/properties/collections/properties/templates/message/items/properties/reference_urls",
                "items": {
                  "id": "/properties/collections/properties/templates/message/items/properties/reference_urls/items",
                  "type": "string"
                },
                "minItems": 1,
                "type": "array"
              },
              "title": {
                "id": "/properties/collections/properties/templates/message/items/properties/title",
                "type": "string"
              },
              "version": {
                "id": "/properties/collections/properties/templates/message/items/properties/version",
                "type": "string"
              }
            },
            "required": [
              "name",
              "authors",
              "version",
              "title",
              "description",
              "files"
            ],
            "type": "object"
          },
          "type": "array"
        },
        "templates/site": {
          "id": "/properties/collections/properties/templates/site",
          "items": {
            "id": "/properties/collections/properties/templates/site/items",
            "properties": {
              "authors": {
                "id": "/properties/collections/properties/templates/site/items/properties/authors",
                "items": {
                  "id": "/properties/collections/properties/templates/site/items/properties/authors/items",
                  "type": "string"
                },
                "minItems": 1,
                "type": "array"
              },
              "classifiers": {
                "id": "/properties/collections/properties/templates/site/items/properties/classifiers",
                "items": {
                  "id": "/properties/collections/properties/templates/site/items/properties/classifiers/items",
                  "type": "string"
                },
                "minItems": 1,
                "type": "array"
              },
              "description": {
                "id": "/properties/collections/properties/templates/site/items/properties/description",
                "type": "string"
              },
              "files": {
                "id": "/properties/collections/properties/templates/site/items/properties/files",
                "items": {
                  "additionalProperties": false,
                  "id": "/properties/collections/properties/templates/site/items/properties/files/items",
                  "properties": {
                    "path-destination": {
                      "id": "/properties/collections/properties/templates/site/items/properties/files/items/properties/path-destination",
                      "type": "string"
                    },
                    "path-source": {
                      "id": "/properties/collections/properties/templates/site/items/properties/files/items/properties/path-source",
                      "type": "string"
                    },
                    "signature": {
                      "id": "/properties/collections/properties/templates/site/items/properties/files/items/properties/signature",
                      "type": "string"
                    },
                    "signed-by": {
                      "id": "/properties/collections/properties/templates/site/items/properties/files/items/properties/signed-by",
                      "type": "string"
                    }
                  },
                  "required": [
                    "path-destination",
                    "path-source"
                  ],
                  "type": "object"
                },
                "minItems": 1,
                "type": "array"
              },
              "homepage": {
                "id": "/properties/collections/properties/templates/site/items/properties/homepage",
                "type": "string"
              },
              "name": {
                "id": "/properties/collections/properties/templates/site/items/properties/name",
                "type": "string"
              },
              "reference_urls": {
                "id": "/properties/collections/properties/templates/site/items/properties/reference_urls",
                "items": {
                  "id": "/properties/collections/properties/templates/site/items/properties/reference_urls/items",
                  "type": "string"
                },
                "minItems": 1,
                "type": "array"
              },
              "title": {
                "id": "/properties/collections/properties/templates/site/items/properties/title",
                "type": "string"
              },
              "version": {
                "id": "/properties/collections/properties/templates/site/items/properties/version",
                "type": "string"
              }
            },
            "required": [
              "name",
              "authors",
              "version",
              "title",
              "description",
              "files"
            ],
            "type": "object"
          },
          "type": "array"
        }
      },
      "type": "object"
    },
    "created": {
      "id": "/properties/created",
      "type": "string"
    },
    "created-by": {
      "id": "/properties/created-by",
      "type": "string"
    },
    "signature": {
      "id": "/properties/signature",
      "type": "string"
    },
    "signed-by": {
      "id": "/properties/signed-by",
      "type": "string"
    }
  },
  "required": [
    "created",
    "signed-by",
    "collections",
    "signature",
    "created-by"
  ],
  "type": "object"
}
